Model,Accuracy,Precision,Recall,Specificity,F1-Score,ROC-AUC,True Positives,True Negatives,False Positives,False Negatives,FP Rate,FN Rate,CV Accuracy
XGBoost,0.9976,0.9968,0.9984,0.9968,0.9976,0.9999,13427,13406,43,22,0.0032,0.0016,0.997583463454532
LightGBM,0.9975,0.9965,0.9986,0.9965,0.9975,0.9999,13430,13402,47,19,0.0035,0.0014,0.997546285969217
Random Forest,0.9975,0.9964,0.9986,0.9964,0.9975,1.0000,13430,13400,49,19,0.0036,0.0014,0.9974719309985872
Neural Network,0.9915,0.9904,0.9926,0.9904,0.9915,0.9993,13349,13320,129,100,0.0096,0.0074,0.9914863558628895
Logistic Regression,0.9679,0.9590,0.9775,0.9582,0.9682,0.9917,13147,12887,562,302,0.0418,0.0225,0.9678786526879322
